n_tab,reflection_tab
0,0.9996874928735794
1,0.9995001611789932
2,0.9995001611789932
3,0.999512534044375
4,0.999512534044375
5,0.9995112539743946
6,0.9995112539743946
7,0.9995114128240234
8,0.9995114128240234
9,0.9995113913762504
10,0.9995113913762504
