n_tab,reflection_tab
0,0.9970539543502027
1,0.8665916411407075
2,0.8665916411407075
3,0.8704072696919881
4,0.8704072696919881
5,0.8700422522120819
6,0.8700422522120819
7,0.8700785503720951
8,0.8700785503720951
9,0.8700754068007771
10,0.8700754068007771
