n_tab,reflection_tab
0,0.977779583667843
1,0.864696343374533
2,0.8720908806061154
3,0.8757448183500465
4,0.875070961410498
5,0.8746957721781364
6,0.8747509303467363
7,0.8747963653331899
8,0.8747929850014953
9,0.8747871935373723
10,0.8747871458551395
