n_tab,reflection_tab
0,0.9977522270930238
1,0.8840917363140363
2,0.8840917363140363
3,0.9063639580550396
4,0.9063639580550396
5,0.8989888434795327
6,0.8989888434795327
7,0.9017710489746836
8,0.9017710489746836
9,0.9007637751162724
10,0.9007637751162724
