n_tab,reflection_tab
0,0.9250339654147174
1,0.8616108067676234
2,0.8631213886536476
3,0.8639522252483566
4,0.8638768495711371
5,0.8638451888203043
6,0.8638489313770071
7,0.8638503612406039
8,0.8638501766672624
9,0.8638501065407923
10,0.8638501155515617
