n_tab,reflection_tab
0,0.7815521371572729
1,0.8609484569210422
2,0.8609484569210422
3,0.8555826362766892
4,0.8555826362766892
5,0.8599352844223802
6,0.8599352844223802
7,0.8573958664261816
8,0.8573958664261816
9,0.8586629316561317
10,0.8586629316561317
