n_tab,reflection_tab
0,0.9827764564342748
1,0.8674282112341009
2,0.8674282112341009
3,0.8791782341787957
4,0.8791782341787957
5,0.8766258706493884
6,0.8766258706493884
7,0.8772995656094885
8,0.8772995656094885
9,0.8771092033506436
10,0.8771092033506436
