n_tab,reflection_tab
0,0.8982002899061463
1,0.8619051743438302
2,0.8619051743438302
3,0.8626926845195043
4,0.8626926845195043
5,0.862663173975692
6,0.862663173975692
7,0.862664491445827
8,0.862664491445827
9,0.8626644274022137
10,0.8626644274022137
