n_tab,reflection_tab
0,0.8619256067857383
1,0.8609491668094619
2,0.8609491668094619
3,0.8629446056026092
4,0.8629446056026092
5,0.863191254491553
6,0.863191254491553
7,0.862982422003345
8,0.862982422003345
9,0.8630728823443812
10,0.8630728823443812
