n_tab,reflection_tab
0,0.9996207837241194
1,0.9995016998065197
2,0.9995016998065197
3,0.999504386815634
4,0.999504386815634
5,0.9995042862109554
6,0.9995042862109554
7,0.9995042907024981
8,0.9995042907024981
9,0.9995042904841606
10,0.9995042904841606
