n_tab,reflection_tab
0,0.9250339654147174
1,0.8616108067676234
2,0.8616108067676234
3,0.8624525634705268
4,0.8624525634705268
5,0.8624204323086238
6,0.8624204323086238
7,0.8624218844777638
8,0.8624218844777638
9,0.8624218132958757
10,0.8624218132958757
