n_tab,reflection_tab
0,0.946235461048456
1,0.8624731899108226
2,0.8624731899108226
3,0.8633393614802375
4,0.8633393614802375
5,0.8633062448191328
6,0.8633062448191328
7,0.863307740514883
8,0.863307740514883
9,0.8633076678816117
10,0.8633076678816117
