n_tab,reflection_tab
0,0.9902407323970606
1,0.8651287124914293
2,0.8651287124914293
3,0.868937335718084
4,0.868937335718084
5,0.8685599817135059
6,0.8685599817135059
7,0.8686016707949021
8,0.8686016707949021
9,0.8685971793354235
10,0.8685971793354235
