n_tab,reflection_tab
0,0.9561598095278637
1,0.8635387658460342
2,0.8635387658460342
3,0.8673209119596912
4,0.8673209119596912
5,0.8669327641377043
6,0.8669327641377043
7,0.866980310509283
8,0.866980310509283
9,0.8669740089410733
10,0.8669740089410733
