n_tab,reflection_tab
0,0.8127531462091337
1,0.8614649717359013
2,0.8614649717359013
3,0.8613778240383715
4,0.8613778240383715
5,0.8615004770117942
6,0.8615004770117942
7,0.8614757656447812
8,0.8614757656447812
9,0.861479915115118
10,0.861479915115118
