n_tab,reflection_tab
0,0.8618968947082083
1,0.8616377943523884
2,0.8616377943523884
3,0.8622549273717518
4,0.8622549273717518
5,0.8622418814626673
6,0.8622418814626673
7,0.8622415549684425
8,0.8622415549684425
9,0.8622416543225807
10,0.8622416543225807
